USE Bejibun

INSERT INTO MsVendor
VALUES
('VE090','Lala','15780','Food Street','LLL@yahoo.com'),
('VE001', 'Naiki', '1576372', 'Danau Street', 'naikisport@gmail.com'),
('VE034', 'Adidos', '8752673', 'Merbabu Street', 'adidosgoods@gmail.com'),
('VE123', 'Topfud', '1534567', 'Sukabumi Street', 'topfud@gmail.com'),
('VE876', 'Maiora', '8273862', 'PondokPindang Street', 'maiorafood@gmail.com'),
('VE045', 'Kimia', '7287598', 'Singkarak Street', 'kimiaobat@gmail.com'),
('VE009', 'FarmasiOke', '7563854', 'Kemis Street', 'farmasioke123@gmail.com'),
('VE632', 'MainanAnak', '7462831', 'Senen Street', 'mainananak@gmail.com'),
('VE186', 'Chiva', '5364787', 'Kolak Street', 'chivadrink@gmail.com'),
('VE943', 'Pucuk', '7465792', 'Limau Street', 'pucukharum@gmail.com'),
('VE378', 'Wings', '6354762', 'Keroncong Street', 'wingsid@gmail.com')

INSERT INTO MsItemType
VALUES
('IP001', 'Food'),
('IP002', 'Furniture'),
('IP003', 'Tools'),
('IP004', 'Furniture'),
('IP005', 'Toys'),
('IP006', 'Sporting Good'),
('IP007', 'Housing'),
('IP008', 'Pharmacy'),
('IP009', 'PetSupply'),
('IP010', 'Drink'),
('IP011', 'Gadgets'),
('IP012', 'Electronic'),
('IP013', 'Clothing')

INSERT INTO MsCustomer
VALUES
('CU023', 'Han Solo', 'Male', '0876836475', '09-10-1999'),
('CU065', 'Santi', 'Female', '08127638729', '01-18-2000'),
('CU003', 'Diego Perry', 'Male', '0866778899', '08-29-2001'),
('CU123', 'Agus Made', 'Male', '08987654433', '04-20-1998'),
('CU987', 'Sri Ayu', 'Female', '08223344555', '12-15-2002'),
('CU145', 'Kosta Adi', 'Male', '08354628574', '02-02-1992'),
('CU009', 'Angelica', 'Female', '08999187672', '11-30-1998'),
('CU743', 'Jorjia', 'Female', '08723456723', '08-17-1991'),
('CU563', 'Lilian Miharti', 'Female', '08654637654', '08-05-2000'),
('CU789', 'Jonathan Candra', 'Male', '08991734365', '01-10-2001')

INSERT INTO MsItem
VALUES
('IT001', 'IP011', 'Smartphone', '1000000', '10'),
('IT002', 'IP012', 'AC', '2000000', '1'),
('IT003', 'IP006', 'Baju Supreme', '3000000', '1'),
('IT004', 'IP001', 'Takoyaki', '1000', '1'),
('IT005', 'IP001', 'Smartwatch', '2000000', '1'),
('IT006', 'IP004', 'Meja', '200000', '1'),
('IT678', 'IP001', 'Doritos', '10000', '100'),
('IT123', 'IP001', 'Apple', '20000', '50'),
('IT654', 'IP001', 'Mentos', '5000', '500'),
('IT326', 'IP001', 'Kitkat', '7000', '250'),
('IT987', 'IP001', 'Sugar', '15000', '100'),
('IT584', 'IP006', 'Socks', '150000', '100'),
('IT834', 'IP006', 'Shoes', '800000', '50'),
('IT268', 'IP006', 'Glasses', '50000', '150'),
('IT179', 'IP006', 'Cap', '90000', '150'),
('IT999', 'IP006', 'Shirt', '200000', '500')


INSERT INTO MsStaff
VALUES
('ST934', 'Supriyadi', 'Male', '08269384765', '2500000'),
('ST034', 'Sri Mahadewi', 'Female', '0863879823', '3500000'),
('ST654', 'Alex Joko', 'Male', '084499882673', '2000000'),
('ST678', 'Anastasia Julia', 'Female', '081872973988', '1500000'),
('ST834', 'Hardi Gunardi', 'Male', '082323456723', '2500000'),
('ST931', 'Jenifer Lesmana', 'Female', '08778397293', '2500000'),
('ST638', 'Jason Pratama', 'Male', '089873872633', '2000000'),
('ST098', 'Fifi Halim', 'Female', '08998822553', '3500000'),
('ST005', 'Aldo', 'Male', '087736284452', '2000000'),
('ST168', 'Kevin Metro', 'Male', '082273859212', '1500000')

INSERT INTO TrSales
VALUES
('SA632', 'ST934', 'CU023', '10-14-2020'),
('SA724', 'ST834', 'CU123', '10-15-2020'),
('SA134','ST834', 'CU743', '10-16-2020'),
('SA294', 'ST931', 'CU009', '10-17-2020'),
('SA012', 'ST931', 'CU065', '10-18-2020'),
('SA005', 'ST931', 'CU563', '10-19-2020'),
('SA274', 'ST931', 'CU789', '10-20-2020'),
('SA937', 'ST931', 'CU023', '10-21-2020'),
('SA657', 'ST678', 'CU789', '10-22-2020'),
('SA028', 'ST678', 'CU003', '10-23-2020'),
('SA643', 'ST678', 'CU065', '10-24-2020'),
('SA927', 'ST678', 'CU145', '10-25-2020'),
('SA659', 'ST678', 'CU987', '10-26-2020'),
('SA278', 'ST638', 'CU009', '10-27-2020'),
('SA078', 'ST638', 'CU563', '10-28-2020'),
('SA939', 'ST005', 'CU003', '12/12/2020'),
('SA940', 'ST005', 'CU009', '12/10/2020'),
('SA941', 'ST005', 'CU023', '11/10/2020'),
('SA500', 'ST005', 'CU003', '1/1/2019'),
('SA501', 'ST005', 'CU009', '2/2/2019'),
('SA502', 'ST034', 'CU003', '2/20/2019'),
('SA503', 'ST005', 'CU009', '2/21/2020'),
('SA504', 'ST034', 'CU003', '2/22/2020'),
('SA505', 'ST034', 'CU987', '12/15/2020'),
('SA506', 'ST034', 'CU003', '12/15/2020')


INSERT INTO TrSalesDetail
VALUES
('SA632', 'IT678', '200'),
('SA724', 'IT654', '1000'),
('SA134', 'IT987', '150'),
('SA294', 'IT179', '500'),
('SA012', 'IT999', '2000'),
('SA005', 'IT123', '500'),
('SA274', 'IT326', '1000'),
('SA937', 'IT834', '100'),
('SA657', 'IT584', '100'),
('SA028', 'IT123', '500'),
('SA643', 'IT999', '500'),
('SA937', 'IT987', '150'),
('SA659', 'IT678', '200'),
('SA278', 'IT678', '500'),
('SA078', 'IT987', '200'),
('SA078', 'IT834', '100'),
('SA937', 'IT654', '1000'),
('SA939', 'IT003', '1'),
('SA939', 'IT004', '20'),
('SA940', 'IT003', '1'),
('SA940', 'IT004', '10'),
('SA941', 'IT004', '30'),
('SA500', 'IT123', '100'),
('SA500', 'IT584', '120'),
('SA501', 'IT326', '300'),
('SA501', 'IT834', '100'),
('SA501', 'IT999', '600'),
('SA502', 'IT179', '200'),
('SA502', 'IT834', '50'),
('SA503', 'IT123', '100'),
('SA504', 'IT123', '100'),
('SA505', 'IT123', '200'),
('SA506', 'IT123', '1000')

INSERT INTO TrPurchase
VALUES
('PH001', 'ST005', 'VE001', '5/20/2020', '5/21/2020'),
('PH002', 'ST034', 'VE009', '5/10/2020', '5/15/2020'),
('PH003', 'ST098', 'VE034', '10/15/2020', NULL),
('PH004', 'ST168', 'VE045', '11/20/2020', '12/10/2020'),
('PH284', 'ST834', 'VE943', '09-01-2020', '09-08-2020'),
('PH084', 'ST834', 'VE001', '09-03-2020', '09-10-2020'),
('PH256', 'ST834', 'VE943', '09-04-2020', '09-11-2020'),
('PH874', 'ST834', 'VE045', '09-05-2020', '09-12-2020'),
('PH089', 'ST034', 'VE378', '09-06-2020', '09-13-2020'),
('PH009', 'ST034', 'VE186', '09-07-2020', '09-14-2020'),
('PH080', 'ST034', 'VE123', '09-08-2020', '09-15-2020'),
('PH088', 'ST034', 'VE632', '09-09-2020', '09-16-2020'),
('PH085', 'ST034', 'VE378', '09-10-2020', '09-17-2020'),
('PH927', 'ST654', 'VE009', '09-11-2020', '09-18-2020'),
('PH921', 'ST654', 'VE876', '09-12-2020', '09-19-2020'),
('PH900', 'ST654', 'VE045', '09-13-2020', '09-20-2020'),
('PH027', 'ST654', 'VE378', '09-14-2020', '09-21-2020'),
('PH920', 'ST654', 'VE009', '09-15-2020', '09-22-2020'),
('PH929', 'ST005', 'VE876', '12/15/2020', NULL),
('PH930', 'ST005', 'VE876', '12/15/2020', NULL),
('PH931', 'ST005', 'VE090', '2/2/2020', '3/3/2020'),
('PH932', 'ST005', 'VE090', '3/4/2020', '5/5/2020')


INSERT INTO TrPurchaseDetail
VALUES
('PH001', 'IT123', '150'),
('PH001', 'IT179', '200'),
('PH002', 'IT268', '200'),
('PH003', 'IT678', '500'),
('PH004', 'IT834', '100'),
('PH284', 'IT678', '200'),
('PH084', 'IT654', '1000'),
('PH256', 'IT123', '500'),
('PH874', 'IT987', '150'),
('PH089', 'IT179', '500'),
('PH009', 'IT999', '2000'),
('PH080', 'IT987', '150'),
('PH088', 'IT834', '100'),
('PH085', 'IT654', '1000'),
('PH927', 'IT999', '2000'),
('PH921', 'IT987', '200'),
('PH900', 'IT678', '500'),
('PH027', 'IT179', '500'),
('PH920', 'IT678', '200'),
('PH284', 'IT999', '2000'),
('PH004', 'IT987', '150'),
('PH084', 'IT123', '500'),
('PH256', 'IT834', '100'),
('PH874', 'IT999', '500'),
('PH089', 'IT987', '150'),
('PH009', 'IT654', '1000'),
('PH080', 'IT678', '200'),
('PH088', 'IT987', '150'),
('PH085', 'IT987', '150'),
('PH929', 'IT123', '100'),
('PH929', 'IT326', '600'),
('PH930', 'IT834', '50'),
('PH931', 'IT123', '1000'),
('PH931', 'IT326', '500'),
('PH932', 'IT179', '500'),
('PH932', 'IT268', '200')

